{
  "Model": "audio_xgboost",
  "macro_f1": 0.44570800899355856,
  "weighted_f1": 0.5518220876281297,
  "accuracy": 0.575727582292849
}