{
  "Model": "audio_logreg",
  "macro_f1": 0.2970594043019938,
  "weighted_f1": 0.41489258082567226,
  "accuracy": 0.4256254256526674
}