{
  "Model": "fusion_logreg",
  "macro_f1": 0.549428606086398,
  "weighted_f1": 0.608018630365507,
  "accuracy": 0.601716231555051
}