{
  "Model": "lyrics_logreg",
  "macro_f1": 0.5012913858898288,
  "weighted_f1": 0.5445550682893557,
  "accuracy": 0.5350283768444949
}